{
    "$schema": "https://schema.management.azure.com/schemas/2015-01-01/deploymentTemplate.json#",
    "contentVersion": "1.0.0.0",
    "parameters": {
        "accounts_Cambride_analytica_name": {
            "defaultValue": "Cambride-analytica",
            "type": "String"
        }
    },
    "variables": {},
    "resources": [
        {
            "type": "Microsoft.CognitiveServices/accounts",
            "apiVersion": "2017-04-18",
            "name": "[parameters('accounts_Cambride_analytica_name')]",
            "location": "eastus",
            "sku": {
                "name": "F0"
            },
            "kind": "TextAnalytics",
            "properties": {
                "customSubDomainName": "cambride-analytica"
            }
        }
    ]
}